Temp,Conc (nM),Incubation time (days)
70,778.8764241969563,2
70,487.7380798660239,2
