Temp,Conc (nM),Incubation time (days)
70,778.8764241969533,2
70,487.7380798660218,2
