Temp,Conc (nM),Incubation time (days)
70,1512.441865780531,2
70,731.8547133703087,2
